#,Question,Answer
1,What is the QTAC code for the standalone Bachelor of Information Technology?,"The QTAC code for the Bachelor of Information Technology is 733001. Domestic students, including interstate applicants, apply through QTAC at qtac.edu.au."
2,"What was the median entry score for BIT at UQ for Semester 1, 2026?","The median entry score for the Bachelor of Information Technology (Semester 1, 2026) was 87.4, with a minimum of 81.9 and a highest of 95.45. Meeting the minimum does not guarantee admission."
3,I got an ATAR of 82. Am I guaranteed a place in the BIT?,"An ATAR of 82 is above the Semester 1, 2026 minimum entry score of 81.9, but meeting the minimum does not guarantee admission. Entry is competitive, and scores are reviewed annually, so check study.uq.edu.au for the most current information."
4,What is the minimum entry score for the Bachelor of Business Management / IT dual degree?,"The minimum entry score for the Bachelor of Business Management / Information Technology for Semester 1, 2026 was 86.4. Entry scores are reviewed annually, so confirm current requirements at study.uq.edu.au."
5,What is the minimum entry score for the BE(Hons) / IT dual degree?,"The minimum entry score for the Bachelor of Engineering (Honours) / Information Technology for Semester 1, 2026 was 84. Entry scores are reviewed annually in April."
6,Do I need to study a specific maths subject in Year 12 to get into BIT?,"Yes, BIT has a mathematics prerequisite for entry. You should confirm the specific subject requirement with QTAC or check study.uq.edu.au, as prerequisite subjects vary by state curriculum."
7,"If I live in New South Wales, do I still apply through QTAC for BIT?","Yes. All domestic students, including those from interstate states such as New South Wales, apply for BIT through QTAC. Your Year 12 results will be converted to an equivalent entry score."
8,"Is BIT available to start in Semester 2, or only Semester 1?","The standard Bachelor of Information Technology is available for Semester 1 intake. For Semester 2 availability, check study.uq.edu.au or contact UQ Admissions for the most current information."
9,I finished Year 12 in Victoria. Will my VCE results be accepted for BIT entry?,Yes. VCE results from Victoria are accepted and will be converted to an equivalent entry score by QTAC. You should also confirm that your subjects meet the prerequisite requirements for BIT.
10,Can I apply for BIT if I completed the IB (International Baccalaureate) in Australia?,"Yes. The International Baccalaureate is an accepted qualification for entry into UQ programs including BIT. Your IB results will be converted to an equivalent entry score, and you should confirm prerequisite requirements with QTAC or UQ Admissions."
11,Does UQ accept mature age applicants for the BIT who haven't completed Year 12?,"UQ does consider alternative entry pathways for applicants who have not completed Year 12. For details on mature age entry options, visit study.uq.edu.au or contact UQ Admissions directly."
12,Are there any subject prerequisites I need to meet before applying to BIT as a domestic student?,"Yes, BIT has prerequisite subject requirements, including a mathematics subject. You should verify the specific prerequisites at study.uq.edu.au or through QTAC to ensure your Year 12 subjects qualify."
13,What happens if my ATAR is below 81.9 - is there any other way to get into BIT?,"If your ATAR is below the minimum entry score, you may be able to explore alternative pathways such as a UQ diploma program or other entry options. Visit study.uq.edu.au or contact UQ Admissions to discuss your specific situation."
14,How often are entry scores for BIT updated?,Entry scores for BIT and other UQ programs are reviewed annually in April. Always check study.uq.edu.au for the most current entry requirements before applying.
15,"If I apply through QTAC, what is the application process like for BIT?","Domestic students submit their application through QTAC at qtac.edu.au, listing their preferred programs including BIT (QTAC code 733001). QTAC processes Year 12 results and notifies applicants of offers. Contact QTAC directly for guidance on application deadlines and steps."
16,Is there a difference between the entry scores for the BIT compared to the BE(Hons)/IT dual degree?,"Yes. For Semester 1, 2026, the BIT had a minimum entry score of 81.9, while the BE(Hons)/IT dual degree required a minimum of 84. Entry scores are reviewed annually."
17,I completed Year 12 in Western Australia. How do my WACE results get assessed for BIT entry?,WACE results from Western Australia are converted to an equivalent entry score by QTAC for domestic applicants. You apply through QTAC and should confirm that your subjects meet BIT prerequisite requirements.
18,"What was the highest entry score recorded for BIT in Semester 1, 2026?","The highest entry score recorded for the Bachelor of Information Technology in Semester 1, 2026 was 95.45."
19,Can I defer my offer for BIT and start in a later semester?,Deferral options depend on UQ's current policies and the specific offer received. You should contact UQ Admissions or check study.uq.edu.au for details on deferral eligibility and procedures.
20,"If I want to study the BIT/Arts dual degree, does it include an IT major?","No. From 2026, the BIT/Arts dual degree does not include an IT major. Dual degree students may only complete 1 major toward the single program, and majors are no longer possible in dual degrees."
21,Do domestic BIT students need to demonstrate English proficiency as part of their application?,"Domestic students who completed Year 12 in Australia typically satisfy English requirements through their senior secondary results. If your schooling was completed in a non-English context, contact UQ Admissions to confirm what evidence of English proficiency is required."
22,I am an international student. What English proficiency score do I need for the BIT?,"International students must meet UQ's English language requirements. Accepted tests include IELTS, TOEFL iBT, and PTE Academic. Check study.uq.edu.au for the minimum scores required for the BIT program."
23,Do I need to sit an IELTS test if English is my first language?,"If you are from a recognised English-speaking country or have completed sufficient study in English, you may be exempt from the English proficiency requirement. Check study.uq.edu.au to confirm whether your background qualifies for an exemption."
24,I completed my secondary schooling in India under the CBSE. Do I meet the English requirement for BIT?,Yes. A grade of 65 per cent or better in English from the CBSE satisfies UQ's Minimum English requirement. You should also confirm you meet the mathematics prerequisite for BIT.
25,What is the application fee I need to pay as an international student applying to BIT?,"A non-refundable application fee of AUD $150 applies to all international applications, regardless of how you submit your application."
26,"As an international student on a student visa, how many hours can I work per fortnight during semester?","From 1 July 2023, international students on a student visa can work up to 48 hours per fortnight during semester."
27,I am from China. Will my high school results be accepted for entry into BIT?,UQ accepts a range of international secondary qualifications for entry. You should check study.uq.edu.au to confirm whether your specific Chinese qualification is recognised and what the equivalent entry requirements are.
28,What is the total indicative tuition fee for the BIT as an international student?,"The indicative total fee for the 3-year BIT is approximately AUD $201,774, based on the 2026 first-year fee of AUD $58,056. Fees are reviewed annually."
29,What is the international tuition fee per year for BIT in 2026?,"The 2026 international tuition fee for the BIT is AUD $58,056 per year. Fees are subject to annual review."
30,"Is there a mathematics prerequisite for the BIT, and does it apply to international students too?","Yes, there is a mathematics prerequisite for BIT that applies to all applicants, including international students. Check study.uq.edu.au for the specific subject and level required."
31,What is the deadline for international students to apply for the BIT Honours in Semester 1?,The application deadline for international students applying for BIT Honours in Semester 1 is 30 November.
32,What is the deadline for international students to apply for the BIT Honours in Semester 2?,The application deadline for international students applying for BIT Honours in Semester 2 is 31 May.
33,What is the minimum entry score for the Bachelor of Commerce / IT for international applicants?,"The minimum entry score for the Bachelor of Commerce / IT is 84.4. Entry scores are reviewed annually, so check study.uq.edu.au for the most current information."
34,"If I am an international student, how much should I budget for living costs in Brisbane?","Off-campus living costs are estimated at AUD $2,026 to $4,151 per month. On-campus residential college accommodation ranges from AUD $2,635 to $4,168 per month, with meals included."
35,Is the BIT accredited by a professional body that international employers would recognise?,"Yes. The BIT is accredited by the Australian Computer Society (ACS), and UQ states that its qualifications are internationally recognised, meaning graduates can work anywhere in the world."
36,What is the SSAF fee I will need to pay as an international BIT student in 2026?,The Student Services and Amenities Fee (SSAF) has a maximum annual fee of AUD $373 for 2026.
37,I completed a foundation program overseas. Can I use that to apply for the BIT instead of my high school results?,UQ may accept certain foundation programs as an alternative pathway for entry into the BIT. Check study.uq.edu.au to confirm whether your specific foundation program is recognised and what entry requirements apply.
38,How many years does the Bachelor of Information Technology take to complete full-time?,"The BIT is a 3-year full-time program requiring 48 units in total. A standard full-time load is 8 units per semester, which equals 16 units per year."
39,When does Semester 1 2026 start at UQ?,"Semester 1, 2026 commences on 23 February 2026. Check the UQ academic calendar at study.uq.edu.au for key dates including census dates and exam periods."
40,When does Semester 2 2026 start?,"Semester 2, 2026 commences on 27 July 2026. Confirm all relevant dates by consulting the UQ academic calendar at study.uq.edu.au."
41,What is a standard full-time study load per semester in the BIT?,"A standard full-time study load is 8 units per semester. Over two semesters this gives 16 units per year, and across 3 years you accumulate the 48 units required to graduate."
42,"If I study part-time, how long will it take me to finish the BIT?","Part-time study is defined as fewer than 6 units per semester, which is less than 75% of the standard full-time load. Studying part-time will extend the BIT beyond the standard 3 years."
43,Does the BIT have a single major or can I do multiple majors?,"The BIT is a single-major program. From 2026, students in dual degrees may only complete 1 major toward the single program, and a standard 3-year BIT does not typically accommodate a formal second major within its 48 units."
44,What IT majors are available in the standalone BIT program?,"The BIT offers majors including Computer Science, Data Science, Software Engineering, Games Technology, and Human-Computer Interaction, among others. Check Programs and Courses at study.uq.edu.au for the full and current list of available majors."
45,Can I do an honours year after completing the standard 3-year BIT?,Yes. The Bachelor of Information Technology (Honours) is a separate program available after your BIT. You need a minimum GPA of 5.0 on UQ's 7-point scale to be eligible.
46,How long does the BIT Honours program take?,The BIT (Honours) is a 1-year full-time program that follows the completion of the standard 3-year BIT. Check study.uq.edu.au for full entry and program details.
47,When is the application deadline for BIT Honours if I am an international student applying for Semester 1?,The BIT (Honours) application deadline for international students applying for Semester 1 is 30 November. Domestic students applying for Semester 1 have until 31 January.
48,What is the application deadline for BIT Honours for a domestic student starting in Semester 2?,Domestic students applying for the BIT (Honours) with a Semester 2 start have a deadline of 30 June. International students applying for Semester 2 must apply by 31 May.
49,"Does the BIT include elective units, or is every course compulsory?",The BIT includes both core compulsory courses and elective units. Electives give you flexibility to explore areas beyond your major. Consult Programs and Courses at study.uq.edu.au for the breakdown of core and elective requirements.
50,Where can I find the suggested course sequence for my BIT major semester by semester?,Study plans with suggested semester-by-semester course sequences are available from the School of Electrical Engineering and Computer Science (EECS) website at eecs.uq.edu.au and through Programs and Courses at study.uq.edu.au.
51,How many units per year do I study in the BIT if I am full-time?,"Full-time BIT students study 16 units per year, typically 8 units per semester across two semesters. This pace allows you to complete the 48-unit program in 3 years."
52,What is the structure of a BIT dual degree - how long does it take?,"BIT dual degrees are longer than the standalone 3-year BIT, with duration varying by combination. For example, the BE(Hons)/IT is a 5-year program. Check study.uq.edu.au for the specific duration of each dual degree option."
53,"From 2026, can I complete two IT majors in a BIT dual degree?","No. From 2026, dual degree students may only complete 1 major toward the single program, and majors are no longer possible in dual degrees."
54,Does the BIT cover areas like social media and mobile computing as part of the curriculum?,Yes. Social and Mobile Computing is listed as one of the key areas of study within the BIT curriculum.
55,"Can I start the BIT in Semester 2, or is it only available in Semester 1?",The standalone BIT is primarily a Semester 1 intake program. The BIT (Honours) is available for both Semester 1 and Semester 2 intakes. Check study.uq.edu.au to confirm current intake availability for the standard BIT.
56,What happens to my program structure if I fail a core course in the BIT?,"Failing a core course may affect your ability to progress to later courses that have it as a prerequisite, which could extend your time to graduation. Seek advice from a UQ academic advisor promptly if this occurs."
57,Is there a work integrated learning or industry placement component in the BIT?,"The BIT curriculum emphasises employability and industry connections through UQ's Enhance Your Employability program, including internships and industry events. For specific placement or work-integrated learning requirements, check Programs and Courses at study.uq.edu.au."
58,Can I add the Concurrent Diploma in Languages to my BIT without extending my study by years?,Yes. The Concurrent Diploma in Languages is 16 units and is designed to be studied alongside your BIT without significantly extending your total study time. You can apply for it after enrolling in the BIT.
59,What is the difference between the BIT and the BIT (Honours) in terms of program length and entry requirements?,"The standard BIT is a 3-year program requiring 48 units, while the BIT (Honours) is an additional 1-year program you can undertake after the BIT, requiring a minimum GPA of 5.0 on UQ's 7-point scale."
60,"If I want to study IT alongside Business Management, what is the structure of that dual degree?","The Bachelor of Business Management / Information Technology (QTAC code 710401) is a dual degree combining both disciplines. Duration and structure details are available at study.uq.edu.au, and from 2026 students complete 1 major toward the single program only."
61,What majors can I choose in the BIT/Arts dual degree from 2026?,"From 2026, the BIT/Arts dual degree does not include an IT major. You select one Arts major, and majors are no longer possible within the dual degree component. Check study.uq.edu.au for the available Arts majors."
62,I want to study both computing and business. Which dual degree lets me do that and what IT majors are available?,"The Bachelor of Business Management/IT or the Bachelor of Commerce/IT are both options. From 2026, dual degree students may only complete one major toward the single program, and majors are no longer possible in dual degrees. Confirm current major availability at study.uq.edu.au."
63,What IT majors are available in the BIT/Business Management dual degree?,"From 2026, dual degree students may only complete one major toward the single program, and majors are no longer possible in dual degrees. For current details on the BBusMgt/IT structure, check study.uq.edu.au."
64,Can I study a Data Science major in the BIT?,"Yes, Data Science is available as a major in the Bachelor of Information Technology. Check Programs and Courses at study.uq.edu.au for the required courses and study plan."
65,"If I am enrolled in the BIT, can I switch my major partway through my degree?","It may be possible to change your major, but this can affect your study plan and progression. You should seek academic advice from EECS or Student Services before making any changes to confirm how it affects your course requirements."
66,Does the BIT allow me to choose a second major within the 3-year program?,"The BIT is a 3-year single-major program, and its standard 48-unit structure typically does not accommodate a formal second major. If you want broader coverage, a dual degree or strategic use of electives may help, so seek academic advice."
67,What Arts majors can I pair with IT in the BIT/Arts dual degree?,"The BIT/Arts dual degree allows you to choose from a range of Arts majors, including Psychology. Check study.uq.edu.au for the full list of available Arts majors for your commencement year."
68,"Is Computer Science a major in the BIT, or is it a separate degree?",Computer Science is available as a major within the Bachelor of Information Technology. It is also offered as part of other UQ programs. Check Programs and Courses at study.uq.edu.au for full details.
69,What majors are offered in the Bachelor of Commerce component of the BCom/IT dual degree?,"The Commerce component of the BCom/IT offers majors in Accounting, Business Analytics, Business Information Systems, and Finance."
70,"From 2026, can I complete two majors if I enrol in a BIT dual degree?","No. From 2026, dual degree students may only complete one major toward the single program, and majors are no longer possible in dual degrees."
71,Does the BIT/Engineering dual degree allow me to choose an IT major?,"From 2026, majors are no longer possible in dual degrees, so you may only complete one major toward the single program component. Check study.uq.edu.au for the current structure of the BE(Hons)/IT."
72,"What is the Human-Computer Interaction area of study in the BIT, and is it a full major?","Human-computer interaction is listed as a key area of study within the BIT curriculum. For whether it constitutes a formal named major, check Programs and Courses at study.uq.edu.au for your commencement year."
73,I am interested in cybersecurity. Is there a cybersecurity major or specialisation in the BIT?,"Cybersecurity-related content is part of the BIT curriculum. For whether a dedicated cybersecurity major or specialisation is formally offered, check Programs and Courses at study.uq.edu.au for your commencement year."
74,Are the BIT majors the same for both domestic and international students?,"Yes, the same majors within the BIT program are available to both domestic and international students. Check Programs and Courses at study.uq.edu.au to confirm current major offerings."
75,Do I need to declare my major when I first enrol in the BIT?,You should confirm the enrolment process and when major selection is required with UQ Admissions or your academic advisor. Check study.uq.edu.au or contact EECS at eecs.uq.edu.au for guidance.
76,Can I complete a major in Artificial Intelligence within the BIT?,"For current information on whether an Artificial Intelligence major is formally available in the BIT, check Programs and Courses at study.uq.edu.au, as program structures are reviewed annually."
77,What is the recommended way to choose a BIT major if I am unsure which one suits me?,You can review study plans at eecs.uq.edu.au and Programs and Courses at study.uq.edu.au to compare majors. Speaking with an academic advisor at EECS is also a good way to match your interests and career goals to the right major.
78,"Are elective units in the BIT linked to a specific major, or can I choose freely?",The BIT includes both major-specific required courses and elective units. The flexibility of your elective choices depends on your major. Check your major's study plan at eecs.uq.edu.au or Programs and Courses for details.
79,"If I choose the Computer Science major in the BIT, which level-1 courses do I typically start with?","Study plans for each BIT major, including Computer Science, are available at eecs.uq.edu.au and through Programs and Courses at study.uq.edu.au, where you can see the recommended semester-by-semester course sequence."
80,I heard majors in BIT dual degrees changed from 2026. What exactly changed?,"From 2026, dual degree students may only complete one major toward the single program, and majors are no longer possible in dual degrees. This is a change from previous arrangements where dual degree students could complete majors in both programs."
81,Does completing a specific BIT major affect my eligibility for the BIT Honours year?,"Eligibility for the BIT (Honours) requires a minimum GPA of 5.0 on UQ's 7-point scale, regardless of your chosen major. Check study.uq.edu.au for any additional major-specific requirements that may apply."
82,What is CSSE1001 and is it required for the BIT?,"CSSE1001 is Introduction to Software Engineering, which is a foundational programming course in the BIT. It is a prerequisite for many higher-level computing courses, so it is typically completed in your first semester."
83,Does the BIT include any mathematics courses?,Yes. The BIT includes mathematics courses as part of the core curriculum. You should review your specific major's study plan at eecs.uq.edu.au or Programs and Courses for the exact courses required.
84,When should I choose my BIT major - before I start or after I enrol?,"You typically select your major when you apply or shortly after enrolment. You should confirm the selection deadline with UQ Admissions or your academic advisor, as some first-year courses are common across majors regardless of your choice."
85,What is DECO2500 and would it be useful for a BIT student?,"DECO2500 is Human-Computer Interaction, which covers user experience design, usability evaluation, and interface prototyping. It is highly relevant to BIT students interested in designing effective digital products and systems."
86,Are there any networking or cybersecurity courses in the BIT?,Yes. The BIT curriculum includes areas relevant to networks and security depending on your major. Check the study plan for your chosen major at eecs.uq.edu.au or Programs and Courses for specific course offerings.
87,What does the Data Science major in the BIT cover?,"The Data Science major covers topics such as data analysis, machine learning, statistical methods, and data visualisation. Full course details and the study plan are available at eecs.uq.edu.au and through Programs and Courses."
88,How many elective units do I get in the 3-year BIT?,"The BIT requires 48 units to graduate over 3 years, and the number of free elective units depends on your major. Check your specific major's study plan at eecs.uq.edu.au or Programs and Courses for the exact breakdown."
89,Can I take courses from other faculties as electives in the BIT?,"Yes. BIT students can typically use elective units to take courses from other faculties, subject to availability and enrolment conditions. Consult your academic advisor or check Programs and Courses at study.uq.edu.au to confirm eligibility."
90,What is the Games Technology major in the BIT and what kind of courses does it include?,"The Games Technology major focuses on the design and development of interactive digital games, including graphics programming, game engines, and game design principles. Full course details are available in the study plan at eecs.uq.edu.au."
91,Is CSSE2010 a required course in the BIT?,"CSSE2010 is Introduction to Computer Systems, which covers computer architecture and low-level programming. Whether it is required depends on your specific major - check your major's study plan at eecs.uq.edu.au for confirmation."
92,Does the BIT include any teamwork or group project courses?,"Yes. Several BIT courses incorporate team-based projects and exercises, including DECO1400 which features both individual and team-based activities. Group work is a recurring component across the degree."
93,What is INFS3202 and is it part of the BIT?,"INFS3202 is Web Information Systems, which covers the design and development of web-based information systems. Whether it forms part of your BIT program depends on your major - check Programs and Courses at study.uq.edu.au for details."
94,Can I get credit for courses I completed at another university before starting the BIT?,Yes. UQ offers credit transfer and recognition of prior learning for relevant prior study. You should apply through UQ Admissions and provide official transcripts - visit study.uq.edu.au for the credit application process.
95,What first-year courses are common to most BIT majors?,Most BIT majors share foundational first-year courses such as CSSE1001 (Introduction to Software Engineering) and introductory mathematics or information systems courses. Check the study plan for your specific major at eecs.uq.edu.au for the full first-year sequence.
96,Is there a suggested order I should complete my BIT courses in?,Yes. Study plans providing a suggested semester-by-semester course sequence are available from the EECS website at eecs.uq.edu.au and through Programs and Courses. Following the study plan helps ensure you meet prerequisites on time.
97,What is the Information Systems major in the BIT focused on?,"The Information Systems major focuses on how organisations design, implement, and manage technology-based information systems to support business processes. Full course details and the study plan are available at eecs.uq.edu.au."
98,Can I change my BIT major after I have already started the degree?,"It may be possible to change your major after commencing, but this could affect your study plan and time to completion. You should speak with an academic advisor in EECS or contact UQ Student Services before making any changes."
99,Does the BIT include any industry placement or internship courses?,The BIT does include practical and industry-connected learning opportunities. UQ's Enhance Your Employability program also supports internships. Check eecs.uq.edu.au and study.uq.edu.au for specific placement course options within your major.
100,Are the courses in the BIT the same regardless of which semester I start in?,"The core courses and study plan are generally consistent, but course availability may differ slightly between Semester 1 and Semester 2 intakes. Check the study plan for your major at eecs.uq.edu.au to confirm scheduling for your intended start semester."
101,How long does it take to complete the BIT / Arts dual degree?,The Bachelor of Information Technology / Arts is a 4-year full-time program. Check study.uq.edu.au for the exact unit requirements and study plan.
102,What is the minimum entry score for the Bachelor of Engineering (Honours) / IT dual degree?,"The minimum entry score for the Bachelor of Engineering (Honours) / IT for Semester 1, 2026 is 84. Check study.uq.edu.au for the most current entry requirements."
103,Does the BIT / Arts dual degree include an IT major from 2026?,"No. From 2026, the BIT / Arts dual degree does not include an IT major. Students may complete 1 major toward the single program, and majors are no longer possible in dual degrees."
104,I want to study both IT and business. Should I choose BBusMgt/IT or BCom/IT?,"Both combine IT with a business discipline, but they differ in focus. BBusMgt/IT suits students interested in management and organisational leadership, while BCom/IT is better suited to those interested in accounting, finance, or business analytics. Review the course structures at study.uq.edu.au to decide which aligns with your goals."
105,What majors are available in the BIT component of the BIT / Arts dual degree?,"From 2026, majors are no longer possible in dual degrees. Students in the BIT / Arts dual degree may only complete 1 major toward the single program component. Check study.uq.edu.au for the current program structure."
106,Can I complete two majors in a BIT dual degree from 2026?,"No. From 2026, dual degree students may only complete 1 major toward the single program. Majors are no longer possible in dual degrees."
107,What Arts majors can I choose in the BIT / Arts dual degree?,"The BIT / Arts dual degree allows you to select from the range of Arts majors offered by UQ, including Psychology. Check study.uq.edu.au or Programs and Courses for the full list of available Arts majors."
108,What is the QTAC code for the Bachelor of Information Technology / Engineering (Honours) dual degree?,The QTAC code for the Bachelor of Engineering (Honours) / IT is 733101. Domestic students apply through QTAC at qtac.edu.au.
109,How long does the Bachelor of Engineering (Honours) / IT dual degree take to complete?,The Bachelor of Engineering (Honours) / IT is a 5-year full-time program. Check study.uq.edu.au for the full program structure and unit requirements.
110,Can I apply for a BIT dual degree as an international student?,"Yes. International students can apply for BIT dual degrees, including the BE(Hons)/IT. You apply directly through UQ's international admissions portal. A non-refundable application fee of AUD $150 applies."
111,Are the indicative tuition fees the same for a BIT dual degree as for the standalone BIT?,Indicative fees for dual degrees may differ from the standalone BIT because they incorporate courses from two disciplines. Check study.uq.edu.au for the indicative fees specific to each dual degree program.
112,Do BIT dual degree students get a Commonwealth Supported Place?,"Yes. Domestic students in Commonwealth Supported Places across all UQ undergraduate programs, including dual degrees, can access HECS-HELP as long as they meet all eligibility requirements."
113,What IT majors can I choose in the BE(Hons) / IT dual degree?,"From 2026, majors are no longer possible in dual degrees. Students may only complete 1 major toward the single program. Check study.uq.edu.au for the current structure of the BE(Hons)/IT program."
114,What is the CRICOS code for the Bachelor of Business Management / Information Technology?,The CRICOS code for the Bachelor of Business Management / Information Technology is 093912F. Confirm current details at study.uq.edu.au.
115,Will completing a BIT dual degree take longer than the standalone BIT?,"Yes. BIT dual degrees take longer than the standalone 3-year BIT. For example, the BIT/Arts is 4 years and the BE(Hons)/IT is 5 years full-time."
116,Are BIT dual degrees accredited by the Australian Computer Society?,"The standalone BIT is accredited by the Australian Computer Society (ACS). For accreditation details specific to each dual degree, check study.uq.edu.au or contact the School of EECS."
117,Can I add a Concurrent Diploma in Languages to a BIT dual degree?,"The Concurrent Diploma in Languages can generally be studied alongside UQ bachelor's programs. Whether it is available alongside a specific dual degree should be confirmed with UQ Admissions, as the additional study load may be a consideration."
118,Do BIT dual degree students follow a different study plan to standalone BIT students?,Yes. Each dual degree has its own study plan that integrates courses from both disciplines. Suggested study plans are available from the EECS website at eecs.uq.edu.au and through Programs and Courses.
119,I am a domestic student in a Commonwealth Supported Place. How much will I pay per year for the BIT?,"Domestic students in Commonwealth Supported Places pay a government-subsidised contribution rate, not the full tuition fee. For precise annual figures, check Programs and Courses at study.uq.edu.au, as fees depend on your specific courses and are reviewed annually."
120,What is the annual domestic tuition fee for the BE(Hons)/IT dual degree?,"The approximate annual domestic tuition fee for the Bachelor of Engineering (Honours) / IT is AUD $8,285 per year based on 16 units, indicative for 2026. Fees are reviewed annually."
121,"If I withdraw from my BIT courses after the census date, will I get a refund?","After the census date, refunds are only considered in special circumstances. If you cancel your enrolment by the census date, fees can be refunded in full for continuing students, though commencing students may incur an administrative charge. Refer to the Student Refund Procedures at policies.uq.edu.au for full details."
122,Can I use HECS-HELP to defer my tuition fees as a domestic BIT student?,"Yes. Domestic students in Commonwealth Supported Places, including those in BIT and dual degrees, can access HECS-HELP to defer their tuition fees, provided you meet all Commonwealth supported place eligibility requirements."
123,How much money do I need to show for a student visa to cover living costs?,"When applying for an Australian student visa, you must demonstrate evidence of at least AUD $29,710 to cover minimum living costs."
124,What are the expected monthly living costs if I rent off campus in Brisbane?,"Off-campus living costs are estimated at AUD $2,026 to $4,151 per month. This range reflects differences in accommodation type, lifestyle, and personal spending."
125,Is on-campus college accommodation more expensive than renting off campus?,"On-campus residential college fees range from AUD $2,635 to $4,168 per month including meals, while off-campus living costs range from AUD $2,026 to $4,151 per month. On-campus options can be comparable or slightly higher but include meals, which affects the overall value."
126,Is there an application fee I need to pay as an international student applying to UQ?,"Yes. A non-refundable application fee of AUD $150 applies to all international applications, regardless of how the application is submitted."
127,Do I have to pay the application fee if I apply through an approved UQ agent?,"Yes. The non-refundable international application fee of AUD $150 applies regardless of the submission method, including applications made through an approved UQ agent."
128,"As an international student on a student visa, how many hours can I work to help cover my living costs during semester?","From 1 July 2023, international students on a student visa can work up to 48 hours per fortnight during semester. This can help offset living costs while you study."
129,Are there scholarships available for international BIT students at UQ?,"UQ does offer scholarships for international students, but specific scholarship names and eligibility details are not confirmed in the available source documents. Check study.uq.edu.au for the most current scholarship information."
130,"What is the minimum entry score for the BCom/IT dual degree, and how does its fee compare to the standalone BIT for international students?","The minimum entry score for the BCom/IT is 84.4. International tuition fees for dual degrees differ from the standalone BIT; check study.uq.edu.au for the specific indicative fees for the BCom/IT program, as fees are reviewed annually."
131,Will my BIT tuition fees increase each year I am studying?,"UQ reviews fees annually, so the fee you pay in your second or third year may differ from your first-year rate. Check study.uq.edu.au each year or contact UQ Admissions for the latest fee schedule."
132,What is the approximate annual domestic tuition fee for the BBusMgt/IT dual degree?,Specific annual domestic tuition fee figures for the BBusMgt/IT are not confirmed in the available source documents. Check study.uq.edu.au or Programs and Courses for the current indicative fees.
133,"Does the SSAF cover things like the student union, sporting facilities, or legal support?","The SSAF funds non-academic student services, which can include services such as the student union and related support. The maximum annual SSAF for 2026 is AUD $373; for a detailed breakdown of what it covers, refer to uq.edu.au."
134,"If I take a leave of absence from my BIT, do I still have to pay fees?",Fee obligations during a leave of absence depend on the timing relative to the census date and your specific circumstances. Refer to the Student Refund Procedures at policies.uq.edu.au or contact UQ Student Services for guidance.
135,Are the tuition fees the same for the BIT (Honours) as for the standard 3-year BIT for international students?,"The 2026 international tuition fee is AUD $58,056 per year. Whether this rate applies identically to BIT (Honours) is not confirmed in the available source documents - check study.uq.edu.au for BIT (Honours) fee details."
136,I am planning to add the Concurrent Diploma in Languages to my BIT. Will this cost extra?,"Adding the Concurrent Diploma in Languages involves additional units of study, which may incur additional fees. For specific cost details, check study.uq.edu.au or contact UQ Admissions."
137,How do I pay my tuition fees as an international student at UQ?,Specific payment methods and due dates are not detailed in the available source documents. Contact UQ Student Fees or visit my.uq.edu.au for information on payment options and deadlines.
138,Does UQ charge different tuition fees depending on which BIT major I choose?,"Tuition fees for the BIT are generally set at the program level rather than by individual major. For precise fee details by major or course, check Programs and Courses at study.uq.edu.au."
139,What is the total indicative fee for an international student completing the full BE(Hons)/IT dual degree?,A specific total indicative fee for the full BE(Hons)/IT dual degree for international students is not confirmed in the available source documents. Check study.uq.edu.au for the most current indicative fee information.
140,Does UQ have clubs or societies specifically for IT and computing students?,"Yes. UQ has over 220 clubs and societies, including technology, coding, gaming, and entrepreneurship clubs that are relevant to IT and computing students."
141,What legal support is available to me as a UQ student if I run into problems?,The UQ Student Union (UQU) can assist with legal or migration support. Contact UQU directly for more details on the services available.
142,I am an international BIT student. How many hours can I work per week on a student visa?,"From 1 July 2023, student visa holders can work up to 48 hours per fortnight during semester. Check the Department of Home Affairs website for the most current visa work conditions."
143,What is the Student Services and Amenities Fee (SSAF) and how much is it?,"The SSAF is a compulsory fee that funds student services and amenities such as clubs, sports, and support programs. The maximum annual SSAF fee for 2026 is AUD $373."
144,Does UQ provide career support specifically for IT students?,"Yes. UQ provides career services through the Enhance Your Employability program, including internships, career workshops, research projects, and industry events. The EAIT faculty also has industry connections through research partnerships and employer networks relevant to IT careers."
145,I am feeling overwhelmed with study. What student support services does UQ offer?,"UQ offers a range of student support services including counselling, academic skills assistance, and wellbeing programs. Visit study.uq.edu.au for a full list of available support services."
146,Are UQ sports and fitness facilities available to BIT students?,"Yes. UQ has on-campus sports and fitness facilities available to all enrolled students. These are partly supported through the SSAF, which all students pay each year."
147,Can I add a language diploma to my BIT to improve my employment prospects?,Yes. The Concurrent Diploma in Languages lets you study one of 9 available languages alongside your BIT. It is 16 units and adds valuable language skills to your IT qualification. Domestic students can apply at study.uq.edu.au/study-options/programs/diploma-languages-1602.
148,What is the UQ Student Union and what does it do?,"The UQ Student Union (UQU) is the student representative body that provides services including legal and migration support, clubs and societies, events, and advocacy for students. It is a key part of campus life at UQ."
149,Is there support available for students who are struggling with English academic writing?,"Yes. UQ provides academic skills support services to help students with English writing, referencing, and study techniques. Check study.uq.edu.au for details on how to access these services."
150,How do I prove I have enough money to support myself when applying for an Australian student visa?,"When applying for a student visa, you need to demonstrate a minimum of AUD $29,710 in living cost evidence. This is a Department of Home Affairs requirement, so check their website for the full list of accepted evidence types."
151,Are there global study or exchange opportunities available to BIT students?,"Yes. Global study is one of the options available through UQ's Enhance Your Employability program, allowing BIT students to gain international experience as part of their degree. Check study.uq.edu.au for details on available programs."
152,What is the difference in monthly cost between living on-campus and off-campus?,"On-campus residential colleges cost AUD $2,635 to $4,168 per month with meals included, while off-campus living is estimated at AUD $2,026 to $4,151 per month. The best option depends on your priorities around convenience, community, and budget."
153,Does UQ have support services for international students adjusting to life in Australia?,"Yes. UQ provides support services for international students including orientation programs, wellbeing support, and legal or migration assistance through UQU. Visit study.uq.edu.au for a full overview of available services."
154,Can I get help finding an approved UQ agent in my country before I apply?,Yes. UQ works with approved agents worldwide to assist international students with applications. You can find a list of approved agents at study.uq.edu.au/contact/find-approved-uq-agent-near-you.
155,Is there an industry internship program I can join as a BIT student at UQ?,"Yes. Internships are available through UQ's Enhance Your Employability program, and the EAIT faculty has industry connections through research partnerships and employer networks that can support IT students seeking work experience."
156,Are UQ IT graduates able to work internationally after completing their degree?,"Yes. UQ's Engineering, Computer Science and IT faculty states that qualifications are internationally recognised and graduates can work anywhere in the world."
157,What does the Enhance Your Employability program include for BIT students?,"The program includes options such as global study, internships, career workshops, research projects, and industry events. These experiences are designed to strengthen your employability alongside your IT degree."
158,"Is the SSAF mandatory, or can I choose not to pay it?","The SSAF is a compulsory fee for all enrolled UQ students. For 2026, the maximum annual amount is AUD $373, and it funds student services including clubs, sports, and support programs."
159,What kind of technology or coding clubs exist at UQ for BIT students to get involved with?,"UQ has over 220 clubs and societies, including technology, coding, gaming, and entrepreneurship clubs relevant to IT and computing students. Check the UQU website for a current list of active clubs."
160,"If I am a domestic part-time BIT student, will I still have access to the same campus support services?","Yes. All enrolled UQ students, including part-time domestic students, have access to campus support services such as counselling, academic skills support, and student union services. Visit study.uq.edu.au to explore what is available."
161,Does the BIT prepare me for a career in cybersecurity?,"Yes. The BIT includes cybersecurity as a key area of study and offers a dedicated major in Cybersecurity, which prepares graduates for roles in information security, risk management, and network defence. For specific course details, check Programs and Courses at study.uq.edu.au."
162,I want to work in data science after graduation. Is the BIT a good fit?,"Yes. The BIT offers a Data Science major covering areas such as data analytics, machine learning, and statistical reasoning, which are directly relevant to data science careers. UQ also provides career services through its Enhance Your Employability program to help you connect with industry."
163,Can I work as a software engineer after completing the BIT?,"Yes. Software engineering and development is one of the most common career pathways for BIT graduates, supported by core programming courses such as CSSE1001 and CSSE2002 and majors like Software Engineering. The BIT is also accredited by the Australian Computer Society, which strengthens your professional standing."
164,Is the BIT degree accredited by any professional body?,"Yes. The Bachelor of Information Technology is accredited by the Australian Computer Society (ACS), which is widely recognised by employers and professional bodies across Australia and internationally."
165,What does ACS accreditation mean for my career prospects?,"ACS accreditation means your degree meets nationally recognised professional standards for IT, which many employers use as a quality benchmark when hiring. It can also support pathways to professional membership of the ACS, which is valued in the industry."
166,"If I study the BIT at UQ, can I work overseas after graduation?","Yes. UQ's Engineering, Computer Science and IT faculty states that its qualifications are internationally recognised, meaning BIT graduates can pursue careers anywhere in the world."
167,Does UQ help BIT students find internships or work experience?,"Yes. UQ offers career support through the Enhance Your Employability program, which includes internships, industry events, and career workshops. The EAIT faculty also has industry connections through research partnerships and employer networks relevant to IT careers."
168,What career support services are available to me as a BIT student?,"UQ provides career services through its Enhance Your Employability program, covering global study, internships, career workshops, research projects, and industry events. The EAIT faculty also maintains industry connections that can help you access IT-specific opportunities."
169,Can I work part-time in IT while studying BIT to build experience?,"Yes. Domestic students can work without restriction, while international students on a student visa can work up to 48 hours per fortnight during semester. Gaining part-time IT work alongside your studies is a practical way to build industry experience before graduation."
170,Should I choose the Data Science major or the Cybersecurity major if I want better job prospects?,"Both majors lead to strong career prospects in high-demand fields. Data Science suits roles in analytics, machine learning, and business intelligence, while Cybersecurity targets information security and risk management careers. Your choice should reflect your personal interests and long-term career goals - consult an academic adviser if you are unsure."
171,Does doing a dual degree like BCom/IT improve my career outcomes compared to a standalone BIT?,"A dual degree such as the BCom/IT can expand your career options by combining IT expertise with business or commerce skills, making you competitive for roles in areas like business analytics, management consulting, or fintech. However, both pathways can lead to strong IT careers - your choice depends on how broad you want your skill set to be."
172,Is a career in IT project management possible after the BIT?,"Yes. Skills developed across the BIT, particularly in areas like software engineering, human-computer interaction, and systems analysis, are relevant to IT project management roles. You may also consider supplementing your degree with project management certifications after graduation."
173,Can completing the BIT (Honours) help me get better jobs or higher salaries?,"The BIT (Honours) demonstrates advanced research and technical capability, which can be advantageous for senior or specialised roles and for postgraduate study pathways. For specific salary data, check resources such as Graduate Careers Australia or the ACS ICT workforce reports."
174,What if I want to go into research or academia after the BIT - is that possible?,"Yes. Completing the BIT (Honours) is typically the first step toward a research career, as it provides the foundation needed for a Master of Philosophy or PhD program. UQ has strong research groups in areas such as artificial intelligence, cybersecurity, and human-computer interaction."
175,Does the BIT include any industry projects or real-world experience built into the curriculum?,"The BIT curriculum incorporates team-based and industry-relevant projects across various courses, and UQ's Enhance Your Employability program supports additional industry engagement through internships and employer events. Check Programs and Courses at study.uq.edu.au for details on specific courses that include industry components."
176,I am interested in working in human-computer interaction or UX design. Can the BIT lead to that?,"Yes. The BIT includes human-computer interaction as a key area of study, and courses such as DECO1400 (Introduction to Web Design) introduce human-centred design principles and UX concepts. These skills are directly relevant to careers in UX design and product development."
177,Will studying the Concurrent Diploma in Languages alongside my BIT improve my career prospects?,"Yes. Adding a Concurrent Diploma in Languages to your BIT can strengthen your employability in international or multicultural workplaces, as it demonstrates both technical IT skills and cross-cultural communication ability. Nine languages are available through the diploma program."
178,Can I pursue a career in artificial intelligence or machine learning with a BIT degree?,"Yes. The BIT includes areas such as data science, social and mobile computing, and programming that provide a foundation for AI and machine learning careers. For more specialised AI study, you may also wish to explore postgraduate options at UQ after completing your BIT."
179,What if I want to start my own technology business after the BIT - does UQ support entrepreneurship?,"Yes. UQ has entrepreneurship and innovation clubs and resources relevant to technology startups, and the Enhance Your Employability program includes activities that build entrepreneurial skills. For startup-specific support, explore UQ's entrepreneurship ecosystem at study.uq.edu.au."
180,Are there global graduate outcomes for UQ IT students or just jobs in Australia?,"UQ's Engineering, Computer Science and IT faculty states that its qualifications are internationally recognised and graduates can work anywhere in the world, so career outcomes extend well beyond Australia."
181,Does the BBusMgt/IT dual degree open up different career paths compared to the standalone BIT?,"Yes. The BBusMgt/IT combines IT skills with business management expertise, making graduates competitive for roles that sit at the intersection of technology and business leadership, such as IT management, strategy consulting, and business transformation roles."
182,Can I become a registered or certified IT professional in Australia with a UQ BIT degree?,"Yes. Because the BIT is accredited by the Australian Computer Society, it can support pathways to ACS professional membership, which is a recognised form of IT professional certification in Australia. Check the ACS website for current membership requirements and categories."
183,What types of careers does the Software Engineering major in the BIT lead to?,"The Software Engineering major prepares graduates for roles such as software developer, software architect, systems engineer, DevOps engineer, and quality assurance engineer, across industries ranging from fintech to healthcare and government. Check study.uq.edu.au for the full list of courses in this major."
184,What GPA do I need to apply for the BIT Honours program?,You need a minimum GPA of 5.0 on UQ's 7-point scale to be eligible to apply for the Bachelor of Information Technology (Honours).
185,How long does the BIT Honours take to complete?,The BIT (Honours) is a 1-year program undertaken after completing the 3-year Bachelor of Information Technology. Check Programs and Courses at study.uq.edu.au for full details on structure and requirements.
186,Can I start the BIT Honours in Semester 2?,Yes. The BIT (Honours) is available for both Semester 1 and Semester 2 intakes.
187,What is the application deadline for the BIT Honours if I am an international student applying for Semester 1?,The application deadline for international students applying for BIT (Honours) Semester 1 is 30 November.
188,What is the application deadline for domestic students applying for BIT Honours in Semester 1?,Domestic students applying for BIT (Honours) Semester 1 must submit their application by 31 January.
189,I want to start BIT Honours in Semester 2. What is the deadline if I am an international student?,International students applying for BIT (Honours) Semester 2 must apply by 31 May.
190,What is the domestic application deadline for BIT Honours Semester 2?,Domestic students applying for BIT (Honours) Semester 2 must submit their application by 30 June.
191,Is the BIT Honours a separate program from the standard BIT?,"Yes. The Bachelor of Information Technology (Honours) is a separate 1-year program that you apply for after completing the 3-year BIT, provided you meet the minimum GPA requirement of 5.0 on UQ's 7-point scale."
192,What does the BIT Honours program involve?,"The BIT (Honours) typically involves advanced coursework and a significant research or project component. For full details on program structure, visit Programs and Courses at study.uq.edu.au."
193,"If my GPA is 4.8 at the end of my BIT, can I still apply for Honours?","No. The minimum GPA required for BIT (Honours) is 5.0 on UQ's 7-point scale, so a GPA of 4.8 would not meet the eligibility requirement."
194,Does the BIT Honours have a CRICOS code for international students?,"CRICOS codes are assigned to programs for international students. For the specific CRICOS code for the BIT (Honours), check study.uq.edu.au or contact UQ Admissions directly."
195,Will completing BIT Honours improve my career prospects compared to the standard BIT?,"UQ states that its IT qualifications are internationally recognised and Honours-level study demonstrates advanced research and analytical skills valued by employers. For specific career outcomes, visit the EAIT faculty pages or UQ's career services."
196,Do I need to complete 48 units before applying for BIT Honours?,"Yes. The standard BIT requires 48 units over 3 years, and BIT (Honours) is undertaken after completing that degree, provided you also meet the minimum GPA of 5.0 on UQ's 7-point scale."
197,What is the QTAC code for the BIT Honours program?,The specific QTAC code for the BIT (Honours) is not confirmed in the current source documents. Check study.uq.edu.au or qtac.edu.au for the correct code.
198,Can I apply for BIT Honours while I am still completing my BIT?,"You should check the application timeline and eligibility requirements with UQ Admissions, as the minimum GPA of 5.0 must be met. Visit study.uq.edu.au for guidance on when to apply."
199,Is the BIT Honours program also accredited by the Australian Computer Society?,"The standard BIT is accredited by the Australian Computer Society (ACS). For confirmation of whether ACS accreditation extends to the BIT (Honours), check study.uq.edu.au or contact UQ directly."
200,What is the tuition fee for BIT Honours for international students?,"International tuition fees for 2026 are AUD $58,056 per year. Since Honours is a 1-year program, the indicative fee would be approximately that amount, but confirm the exact figure at study.uq.edu.au as fees are reviewed annually."
201,When does Semester 1 2026 start if I am commencing BIT Honours?,"Semester 1, 2026 commences on 23 February 2026."
202,"If I start BIT Honours in Semester 2 2026, when does that semester begin?","Semester 2, 2026 commences on 27 July 2026."
203,How is the GPA calculated at UQ for Honours eligibility purposes?,"UQ uses a 7-point scale to calculate GPA, and you need a minimum of 5.0 to be eligible for BIT (Honours). For details on how individual course grades translate to GPA points, visit my.uq.edu.au or contact your academic advisor."
204,Should I choose to do BIT Honours or go straight into the workforce after finishing my BIT?,This depends on your career goals. Honours can strengthen your research skills and may be beneficial if you are considering postgraduate study or research-focused roles. UQ's career services can help you weigh your options.
205,Can I study BIT Honours part-time?,Part-time availability for BIT (Honours) is not confirmed in the current source documents. Contact UQ Admissions or visit study.uq.edu.au for details on study mode options.
206,What happens if I miss the BIT Honours application deadline?,"If you miss a deadline, you would need to apply for the next available intake. Semester 1 international deadline is 30 November and domestic is 31 January; Semester 2 international deadline is 31 May and domestic is 30 June."
207,Is BIT Honours available at UQ Gatton or only at the St Lucia campus?,Campus availability for BIT (Honours) is not confirmed in the current source documents. Check study.uq.edu.au or contact UQ Admissions for details on where the program is delivered.
208,I am an international student. How do I apply for the BIT at UQ?,International students apply directly through UQ's online application portal at study.uq.edu.au. A non-refundable application fee of AUD $150 applies to all international applications.
209,Can I apply for the BIT through a UQ-approved agent instead of applying directly?,Yes. UQ works with approved agents worldwide who can assist with your application. You can find a list of approved agents at study.uq.edu.au/contact/find-approved-uq-agent-near-you.
210,"If I want to apply for the BIT Honours program, what GPA do I need?","To apply for the Bachelor of Information Technology (Honours), you need a minimum GPA of 5.0 on UQ's 7-point scale. Check Programs and Courses for any additional entry requirements."
211,What are the application deadlines for the BIT Honours program for international students?,"For international students, the BIT (Honours) application deadline is 30 November for Semester 1 entry and 31 May for Semester 2 entry. Apply early to allow time for documentation and visa processing."
212,What are the application deadlines for the BIT Honours program for domestic students?,"For domestic students, the BIT (Honours) application deadline is 31 January for Semester 1 entry and 30 June for Semester 2 entry."
213,I finished high school in India with a CBSE certificate. Do I meet the English requirement for the BIT?,Yes. A grade of 65 per cent or better in English from the CBSE satisfies the Minimum English requirement for UQ. You should also confirm you meet the mathematics prerequisite.
214,Do I need to meet a mathematics prerequisite to get into the BIT?,Yes. The BIT has a mathematics prerequisite. Check study.uq.edu.au or contact UQ Admissions to confirm which specific mathematics subjects or levels satisfy this requirement for your qualification.
215,"If I don't meet the English language requirement, are there alternative pathways to satisfy it?","UQ accepts several English proficiency tests and qualifications as evidence of English language ability. If you do not meet the standard requirement, contact UQ Admissions at study.uq.edu.au to discuss alternative pathways or foundation programs."
216,How much money do I need to show I have available to support myself on a student visa?,"To obtain a student visa, you need to demonstrate living costs of at least AUD $29,710 as the minimum evidence of funds. This is separate from your tuition fees."
217,Can I apply for the BIT if I have not yet received my final Year 12 results?,"Yes. You can apply before receiving final results, and many QTAC offers are made based on predicted or in-progress scores. Contact QTAC or UQ Admissions to confirm the process for your situation."
218,I am a domestic student from New South Wales. Do I still apply through QTAC for the BIT?,"Yes. All domestic students, including those from interstate, apply for the BIT through QTAC at qtac.edu.au. Your interstate results will be converted to an equivalent entry score."
219,Does applying through an approved agent cost more than applying directly to UQ?,"The non-refundable AUD $150 application fee applies regardless of whether you apply directly or through an approved agent. For fee details, confirm with UQ or your agent before applying."
220,What documents do I typically need to submit when applying for the BIT as an international student?,"Typical documentation includes academic transcripts, English proficiency test results, and proof of identity. Check study.uq.edu.au for the complete list of required documents specific to your country and qualification."
221,What is the QTAC code for the Bachelor of Information Technology / Business Management dual degree?,The QTAC code for the Bachelor of Business Management / Information Technology is 710401.
222,"If I apply for the BIT and don't get in this semester, can I defer my application to the next intake?",Deferral and reapplication options vary depending on your circumstances and the intake. Contact UQ Admissions at study.uq.edu.au to discuss your options if your application is unsuccessful.
223,Are BIT applications open for both Semester 1 and Semester 2 each year?,Yes. The BIT accepts applications for both Semester 1 (commencing 23 February 2026) and Semester 2 (commencing 27 July 2026) intakes. Check study.uq.edu.au for application opening and closing dates.
224,What happens after I submit my international application to UQ? How long does it take to get an offer?,"After submission, UQ assesses your academic documents, English proficiency, and other requirements before issuing a formal offer. Processing times vary, so check study.uq.edu.au or contact UQ Admissions for indicative timeframes."
225,What does ACS accreditation mean for my career after finishing the BIT?,"ACS accreditation means your degree meets nationally recognised professional standards for IT, which can support membership applications, career progression, and employer recognition in Australia and internationally."
226,Is there an AI-focused major I can choose in the BIT?,"Check the current list of BIT majors at study.uq.edu.au or Programs and Courses, as major offerings are reviewed periodically and specific AI-focused options may be available or introduced."
227,What student visa work rights do I have as an international BIT student in Australia?,"From 1 July 2023, international students on a student visa can work up to 48 hours per fortnight during semester. Different conditions may apply during scheduled course breaks."
228,Can I go on a student exchange while studying the BIT at UQ?,UQ offers exchange and study abroad opportunities for eligible students. You should visit study.uq.edu.au or contact UQ's Global Experiences team for details on how exchange fits within your BIT program requirements.
229,Will courses I complete on exchange count toward my BIT degree?,Credit for exchange courses is assessed on a case-by-case basis. You would need prior approval from your faculty to ensure exchange units count toward your BIT requirements. Contact the EECS school or student administration for guidance.
230,"What is UQ's policy on academic integrity, and what happens if I am caught cheating?",UQ takes academic integrity seriously. Breaches such as plagiarism or contract cheating can result in penalties ranging from a grade of zero to exclusion from the program. Refer to UQ's Student Integrity and Misconduct policy at policies.uq.edu.au for full details.
231,What is the difference between the Bachelor of Information Technology and the Bachelor of Computer Science at UQ?,"The BIT focuses on applied IT skills, industry readiness, and areas like networks, software development, and information systems, while the Bachelor of Computer Science typically has a stronger emphasis on theoretical computing and mathematical foundations. Check Programs and Courses at study.uq.edu.au to compare specific course requirements for each program."
232,Should I choose the BIT or the Bachelor of Computer Science if I want to work in software development?,"Both degrees can lead to software development careers, but the BIT is more industry-focused while the Bachelor of Computer Science places greater emphasis on computing theory. Review the majors and course lists for each program at study.uq.edu.au to decide which better suits your goals."
233,What is the minimum GPA needed to apply for the BIT Honours year?,You need a minimum GPA of 5.0 on UQ's 7-point scale to be eligible to apply for the Bachelor of Information Technology (Honours).
234,When is the application deadline for BIT Honours if I am an international student starting in Semester 1?,The application deadline for international students commencing BIT Honours in Semester 1 is 30 November.
235,I am a domestic student wanting to start BIT Honours in Semester 2. When do I need to apply by?,Domestic students applying for BIT Honours with a Semester 2 commencement must submit their application by 30 June.
236,What is the application deadline for international students applying for BIT Honours in Semester 2?,International students applying for BIT Honours with a Semester 2 commencement must apply by 31 May.
237,"I am an international student. When does Semester 1, 2026 start at UQ?","Semester 1, 2026 commences on 23 February 2026. You should plan your arrival and visa arrangements accordingly."
238,"When does Semester 2, 2026 begin at UQ?","Semester 2, 2026 commences on 27 July 2026. Check the UQ academic calendar at study.uq.edu.au for key dates such as census and examination periods."
239,What is the SSAF and how much will I pay as a BIT student in 2026?,The Student Services and Amenities Fee (SSAF) is a compulsory fee that funds non-academic student services. The maximum annual SSAF for 2026 is AUD $373.
240,I am thinking about living off-campus while studying the BIT. How much should I budget per month?,"Off-campus living costs are estimated at AUD $2,026 to $4,151 per month, depending on your location, lifestyle, and accommodation type."
241,Does UQ have any safeguards if I have concerns about academic misconduct by another student?,UQ has formal processes for reporting academic integrity concerns. You can find information on reporting procedures through UQ's Student Integrity and Misconduct policy at policies.uq.edu.au.
242,Can I defer my BIT offer and start in a later semester?,Deferral options depend on your offer type and whether you are a domestic or international applicant. Check your offer conditions and contact UQ Admissions or visit study.uq.edu.au for guidance specific to your situation.
243,Is UQ's BIT degree recognised in countries outside Australia?,"Yes. UQ's Engineering, Computer Science and IT faculty states that qualifications are internationally recognised, and graduates can work anywhere in the world."
244,Are there any AI or technology ethics topics covered in the BIT?,"The BIT curriculum includes areas relevant to responsible and ethical use of technology, though specific course content varies by major and year. Check Programs and Courses at study.uq.edu.au for the most current course listings."
